//TABLE FARE

insert into fare values('express',0.35,0.6,1.2,0,2.1,3,5);
insert into fare values('superfast_express',0,0.8,1.4,0,2.2,3.1,5.1);
insert into fare values('shatabdi',0,0,2,4,0,0,0);
insert into fare values('rajdhani',0,0,0,0,2.4,3.2,5.2);
insert into fare values('tejas',0,0,2.2,4.2,0,0,0);




//route



insert into route(s_no,route_id,station_id,station_name,KM) values(1,111,'MS','Chennai Egmore',0);
insert into route(s_no,route_id,station_id,station_name,KM) values(2,111,'TBM','Tambaram',25);
insert into route(s_no,route_id,station_id,station_name,KM) values(3,111,'TPJ','Tiruchirapalli Junction',336);
insert into route(s_no,route_id,station_id,station_name,KM) values(4,111,'MDU','Madurai Junction',493);
insert into route(s_no,route_id,station_id,station_name,KM) values(5,111,'VPT','Virudhunagar Junction',536);
insert into route(s_no,route_id,station_id,station_name,KM) values(6,111,'SVKS','Sivakasi',561);
insert into route(s_no,route_id,station_id,station_name,KM) values(7,111,'SVPR','Srivilliputtur',577);
insert into route(s_no,route_id,station_id,station_name,KM) values(8,111,'TSI','Tenkasi Junction',659);
insert into route(s_no,route_id,station_id,station_name,KM) values(9,111,'SCT','Sengottai',666);

insert into route(s_no,route_id,station_id,station_name,KM) values(9,112,'MS','Chennai Egmore',666);	
insert into route(s_no,route_id,station_id,station_name,KM) values(8,112,'TBM','Tambaram',642);
insert into route(s_no,route_id,station_id,station_name,KM) values(7,112,'TPJ','Tiruchirapalli Junction',330);
insert into route(s_no,route_id,station_id,station_name,KM) values(6,112,'MDU','Madurai Junction',173);
insert into route(s_no,route_id,station_id,station_name,KM) values(5,112,'VPT','Virudhunagar Junction',130);
insert into route(s_no,route_id,station_id,station_name,KM) values(4,112,'SVKS','Sivakasi',105);
insert into route(s_no,route_id,station_id,station_name,KM) values(3,112,'SVPR','Srivilliputtur',89);
insert into route(s_no,route_id,station_id,station_name,KM) values(2,112,'TSI','Tenkasi Junction',8);
insert into route(s_no,route_id,station_id,station_name,KM) values(1,112,'SCT','Sengottai',0);

insert into route(s_no,route_id,station_id,station_name,KM) values(1,121,'MS','Chennai Egmore',0);
insert into route(s_no,route_id,station_id,station_name,KM) values(2,121,'TBM','Tambaram',25);
insert into route(s_no,route_id,station_id,station_name,KM) values(3,121,'TPJ','Tiruchirapalli Junction',336);
insert into route(s_no,route_id,station_id,station_name,KM) values(4,121,'MDU','Madurai Junction',493);
insert into route(s_no,route_id,station_id,station_name,KM) values(5,121,'VPT','Virudhunagar Junction',536);
insert into route(s_no,route_id,station_id,station_name,KM) values(6,121,'SRT','Satur',563);
insert into route(s_no,route_id,station_id,station_name,KM) values(7,121,'CVP','Kovilpatti',585);
insert into route(s_no,route_id,station_id,station_name,KM) values(8,121,'TEN','Tirunelveli Junction',650);
insert into route(s_no,route_id,station_id,station_name,KM) values(9,121,'NCJ','Nagercoil Junction',723);
insert into route(s_no,route_id,station_id,station_name,KM) values(10,121,'CAPE','Kanniyakumari',739);


insert into route(s_no,route_id,station_id,station_name,KM) values(10,122,'MS','Chennai Egmore',739);
insert into route(s_no,route_id,station_id,station_name,KM) values(9,122,'TBM','Tambaram',714);
insert into route(s_no,route_id,station_id,station_name,KM) values(8,122,'TPJ','Tiruchirapalli Junction',402);
insert into route(s_no,route_id,station_id,station_name,KM) values(7,122,'MDU','Madurai Junction',246);
insert into route(s_no,route_id,station_id,station_name,KM) values(6,122,'VPT','Virudhunagar Junction',202);
insert into route(s_no,route_id,station_id,station_name,KM) values(5,122,'SRT','Satur',175);
insert into route(s_no,route_id,station_id,station_name,KM) values(4,122,'CVP','Kovilpatti',154);
insert into route(s_no,route_id,station_id,station_name,KM) values(3,122,'TEN','Tirunelveli Junction',90);
insert into route(s_no,route_id,station_id,station_name,KM) values(2,122,'NCJ','Nagercoil Junction',15);
insert into route(s_no,route_id,station_id,station_name,KM) values(1,122,'CAPE','Kanniyakumari',0);




insert into route(s_no,route_id,station_id,station_name,KM) values(1,131,'MAS','DR.MGR Chennai Central ',0);
insert into route(s_no,route_id,station_id,station_name,KM) values(2,131,'BZA','Vijayawada Junction',431);
insert into route(s_no,route_id,station_id,station_name,KM) values(3,131,'NGP','Nagpur Junction',1090);
insert into route(s_no,route_id,station_id,station_name,KM) values(4,131,'BPL','Bhopal Junction',1479);
insert into route(s_no,route_id,station_id,station_name,KM) values(5,131,'AGC','Agra Cantt',1987);
insert into route(s_no,route_id,station_id,station_name,KM) values(6,131,'NZM','Hazarat Nizamuddin',2175);


insert into route(s_no,route_id,station_id,station_name,KM) values(6,132,'MAS','DR.MGR Chennai Central ',2175);
insert into route(s_no,route_id,station_id,station_name,KM) values(5,132,'BZA','Vijayawada Junction',1743);
insert into route(s_no,route_id,station_id,station_name,KM) values(4,132,'NGP','Nagpur Junction',1085);
insert into route(s_no,route_id,station_id,station_name,KM) values(3,132,'BPL','Bhopal Junction',695);
insert into route(s_no,route_id,station_id,station_name,KM) values(2,132,'AGC','Agra Cantt',188);
insert into route(s_no,route_id,station_id,station_name,KM) values(1,132,'NZM','Hazarat Nizamuddin',0);


insert into route(s_no,route_id,station_id,station_name,KM) values(1,141,'MAS','DR.MGR Chennai Central ',0);
insert into route(s_no,route_id,station_id,station_name,KM) values(2,141,'KPD','Katpadi Junction',129);
insert into route(s_no,route_id,station_id,station_name,KM) values(3,141,'SBC','KSR Bengalaru City Junction',336);


insert into route(s_no,route_id,station_id,station_name,KM) values(3,142,'MAS','DR.MGR Chennai Central ',336);
insert into route(s_no,route_id,station_id,station_name,KM) values(2,142,'KPD','Katpadi Junction',229);
insert into route(s_no,route_id,station_id,station_name,KM) values(1,142,'SBC','KSR Bengalaru City Junction',0);


insert into route(s_no,route_id,station_id,station_name,KM) values(1,151,'MS','Chennai Egmore',0);
insert into route(s_no,route_id,station_id,station_name,KM) values(2,151,'TPJ','Tiruchirapalli Junction',336);
insert into route(s_no,route_id,station_id,station_name,KM) values(3,151,'KQN','kodai Road',453);	
insert into route(s_no,route_id,station_id,station_name,KM) values(4,151,'MDU','Madurai Junction',493);


insert into route(s_no,route_id,station_id,station_name,KM) values(4,152,'MS','Chennai Egmore',493);
insert into route(s_no,route_id,station_id,station_name,KM) values(3,152,'TPJ','Tiruchirapalli Junction',156);
insert into route(s_no,route_id,station_id,station_name,KM) values(2,152,'KQN','kodai Road',40);	
insert into route(s_no,route_id,station_id,station_name,KM) values(1,152,'MDU','Madurai Junction',0);


///train info



insert into train_info values(1111,'MS-SCT Pothigai SF Express','superfast_express','MS','SCT',666,1,3);
insert into train_info values(1121,'SCT-MS Pothigai SF Express','superfast_express','SCT','MS',666,1,3);	
insert into train_info values(1511,'MS-MDU Tejas Express','tejas','MS','MDU',493,0,2);
insert into train_info values(1521,'MDU-MS Tejas Express','tejas','MDU','MS',493,0,2);
insert into train_info values(1211,'MS-CAPE Express','express','MS','CAPE',793,1,3);
insert into train_info values(1221,'CAPE-MS Express','express','CAPE','MS',793,1,3);
insert into train_info values(1411,'Chennai-KSR Bengalaru Shatabdi','shatabdi','MAS','SBC',358,0,2);
insert into train_info values(1421,'KSR Bengalaru-Chennai Shatabdi','shatabdi','SBC','MAS',358,0,2);
insert into train_info values(1311,'MAS-NZM Chennai Central Rajdhani Express','rajdhani','MAS','NZM',2175,0,3);
insert into train_info values(1321,'NZM-MAS Chennai Central Rajdhani Express','rajdhani','NZM','MAS',2175,0,3);


	///TRAIN SCHEDULE

insert into train_schedule values(1111,0,'MS',0,88,00,21,00);
insert into train_schedule values(1111,1,'TBM',25,21,29,21,30);
insert into train_schedule values(1111,2,'TPJ',336,02,20,02,25);
insert into train_schedule values(1111,3,'MDU',493,04,50,05,00);
insert into train_schedule values(1111,4,'VPT',536,05,48,05,50);
insert into train_schedule values(1111,5,'SVKS',561,06,14,06,15);
insert into train_schedule values(1111,6,'SVPR',577,06,29,06,30);
insert into train_schedule values(1111,7,'TSI',659,08,08,08,10);
insert into train_schedule values(1111,8,'SCT',666,08,50,88,00);


insert into train_schedule values(1121,8,'MS',666,06,05,88,00);
insert into train_schedule values(1121,7,'TBM',642,105,09,105,10);
insert into train_schedule values(1121,6,'TPJ',330,100,05,100,10);
insert into train_schedule values(1121,5,'MDU',173,21,40,21,50);
insert into train_schedule values(1121,4,'VPT',130,20,28,20,30);
insert into train_schedule values(1121,3,'SVKS',105,19,54,19,55);
insert into train_schedule values(1121,2,'SVPR',89,19,39,19,40);
insert into train_schedule values(1121,1,'TSI',8,18,22,18,25);
insert into train_schedule values(1121,0,'SCT',0,88,00,18,10);

insert into train_schedule values(1211,0,'MS',0,88,00,17,15);
insert into train_schedule values(1211,1,'TBM',25,17,44,17,45);
insert into train_schedule values(1211,2,'TPJ',330,22,20,22,30);
insert into train_schedule values(1211,3,'MDU',493,101,00,01,05);
insert into train_schedule values(1211,4,'VPT',536,102,00,102,02);
insert into train_schedule values(1211,5,'SRT',563,102,21,102,22);
insert into train_schedule values(1211,6,'CVP',585,102,44,102,45);
insert into train_schedule values(1211,7,'TEN',650,104,00,104,05);
insert into train_schedule values(1211,8,'NCJ',723,105,30,105,35);
insert into train_schedule values(1211,9,'CAPE',739,106,20,88,00);



insert into train_schedule values(1221,0,'CAPE',0,88,00,17,20);
insert into train_schedule values(1221,1,'NCJ',15,17,35,17,40);
insert into train_schedule values(1221,2,'TEN',90,19,00,19,05);
insert into train_schedule values(1221,3,'CVP',154,20,11,20,12);
insert into train_schedule values(1221,4,'SRT',175,20,34,20,35);
insert into train_schedule values(1221,5,'VPT',202,21,03,21,05);
insert into train_schedule values(1221,6,'MDU',246,22,00,22,05);
insert into train_schedule values(1221,7,'TPJ',402,100,30,100,35);
insert into train_schedule values(1221,8,'TBM',714,105,24,105,45);
insert into train_schedule values(1221,9,'MS',739,106,25,88,00);


insert into train_schedule values(1311,0,'MAS',0,88,00,06,05);
insert into train_schedule values(1311,1,'BZA',431,11,50,11,55);
insert into train_schedule values(1311,2,'NGP',1090,20,40,20,45);
insert into train_schedule values(1311,3,'BPL',1479,102,00,102,10);
insert into train_schedule values(1311,4,'AGC',1987,107,55,107,57);
insert into train_schedule values(1311,5,'NZM',2175,110,40,88,00);


insert into train_schedule values(1321,5,'MAS',2175,120,40,88,00);
insert into train_schedule values(1321,4,'BZA',1743,114,15,114,25);
insert into train_schedule values(1321,3,'NGP',1085,105,25,105,30);
insert into train_schedule values(1321,2,'BPL',695,23,55,100,05);
insert into train_schedule values(1321,1,'AGC',188,17,58,18,00);
insert into train_schedule values(1321,0,'NZM',0,88,00,15,55);


insert into train_schedule values(1411,0,'MAS',0,88,00,17,30);
insert into train_schedule values(1411,1,'KPD',129,19,08,19,10);
insert into train_schedule values(1411,2,'SBC',336,22,30,88,00);

insert into train_schedule values(1421,0,'SBC',0,88,00,06,00);
insert into train_schedule values(1421,1,'KPD',229,08,58,09,00);
insert into train_schedule values(1421,2,'MAS',336,11,00,88,00);



insert into train_schedule values(1511,0,'MS',0,88,00,06,00);
insert into train_schedule values(1511,1,'TPJ',336,10,05,10,10);
insert into train_schedule values(1511,2,'KQN',453,11,34,11,35);
insert into train_schedule values(1511,3,'MDU',493,12,30,88,00);


insert into train_schedule values(1521,0,'MDU',0,88,00,15,00);
insert into train_schedule values(1521,1,'KQN',40,15,34,15,35);
insert into train_schedule values(1521,2,'TPJ',156,17,00,17,05);
insert into train_schedule values(1521,3,'MS',493,21,30,88,00);


insert into coaches(train_no,departure_date,coach_no) values(1111,'2019-12-01','s1');
insert into coaches(train_no,departure_date,coach_no) values(1111,'2019-12-01','b1');
insert into coaches(train_no,departure_date,coach_no) values(1111,'2019-12-01','a1');
insert into coaches(train_no,departure_date,coach_no) values(1111,'2019-12-01','h1');


insert into coaches(train_no,departure_date,coach_no) values(1121,'2019-12-01','s1');
insert into coaches(train_no,departure_date,coach_no) values(1121,'2019-12-01','b1');
insert into coaches(train_no,departure_date,coach_no) values(1121,'2019-12-01','a1');
insert into coaches(train_no,departure_date,coach_no) values(1121,'2019-12-01','h1');


insert into coaches(train_no,departure_date,coach_no) values(1211,'2019-12-01','s1');
insert into coaches(train_no,departure_date,coach_no) values(1211,'2019-12-01','b1');
insert into coaches(train_no,departure_date,coach_no) values(1211,'2019-12-01','a1');
insert into coaches(train_no,departure_date,coach_no) values(1211,'2019-12-01','h1');


insert into coaches(train_no,departure_date,coach_no) values(1221,'2019-12-01','s1');
insert into coaches(train_no,departure_date,coach_no) values(1221,'2019-12-01','b1');
insert into coaches(train_no,departure_date,coach_no) values(1221,'2019-12-01','a1');
insert into coaches(train_no,departure_date,coach_no) values(1221,'2019-12-01','h1');


insert into coaches(train_no,departure_date,coach_no) values(1311,'2019-12-01','b1');
insert into coaches(train_no,departure_date,coach_no) values(1311,'2019-12-01','a1');
insert into coaches(train_no,departure_date,coach_no) values(1311,'2019-12-01','h1');


insert into coaches(train_no,departure_date,coach_no) values(1321,'2019-12-01','b1');
insert into coaches(train_no,departure_date,coach_no) values(1321,'2019-12-01','a1');
insert into coaches(train_no,departure_date,coach_no) values(1321,'2019-12-01','h1');

insert into coaches(train_no,departure_date,coach_no) values(1411,'2019-12-01','c1');
insert into coaches(train_no,departure_date,coach_no) values(1411,'2019-12-01','ec1');


insert into coaches(train_no,departure_date,coach_no) values(1421,'2019-12-01','b1');
insert into coaches(train_no,departure_date,coach_no) values(1421,'2019-12-01','a1');

insert into coaches(train_no,departure_date,coach_no) values(1511,'2019-12-01','c1');
insert into coaches(train_no,departure_date,coach_no) values(1511,'2019-12-01','ec1');


insert into coaches(train_no,departure_date,coach_no) values(1521,'2019-12-01','b1');
insert into coaches(train_no,departure_date,coach_no) values(1521,'2019-12-01','a1');



insert into coaches(train_no,departure_date,coach_no) values(1121,'2019-12-02','s1');
insert into coaches(train_no,departure_date,coach_no) values(1121,'2019-12-02','b1');
insert into coaches(train_no,departure_date,coach_no) values(1121,'2019-12-02','a1');
insert into coaches(train_no,departure_date,coach_no) values(1121,'2019-12-02','h1');

